,no_image_cars
0,/ac_schnitzer/2016-acl2_concept/
1,/acura/2020-mdx_pmc_edition/
2,/acura/2019-mdx_a-spec/
3,/acura/2016-nsx_ev_concept/
4,/alfa_romeo/2020-stelvio/
5,/alfa_romeo/2020-giulia/
6,/alfa_romeo/2017-mito/
7,/alfa_romeo/2017-giulia_quadrifoglio_carabinieri/
8,/alpina/2020-bmw_b7_xdrive_sedan/
9,/alpina/2018-bmw_xd4/
10,/alpina/2018-bmw_xd3/
11,/alpina/2018-bmw_d5_s_touring/
12,/alpina/2018-bmw_d5_s/
13,/alpina/2018-bmw_b5_bi-turbo_touring/
14,/alpina/2018-bmw_b5_bi-turbo/
15,/alpina/2018-bmw_b4_s_bi-turbo_convertible/
16,/alpina/2017-bmw_b7_xdrive/
17,/alpina/2015-bmw_b4_bi-turbo_cabrio/
18,/alpine/2020-a110_sportsx_concept/
19,/alpine/2018-a110_cup_racecar/
20,/artega/2017-scalo_superelletra_concept/
21,/aston_martin/2021-v12_speedster/
22,/aston_martin/2021-dbx_by_q/
23,/aston_martin/2020-valkyrie_amr_pro/
24,/aston_martin/2019-vantage_gt4/
25,/aston_martin/2019-vantage_gt3/
26,/aston_martin/2019-lagonda_all-terrain_concept/
27,/aston_martin/2019-dbs_superleggera_concorde_edition/
28,/aston_martin/2019-dbs_59/
29,/aston_martin/2018-vulcan_amr_pro/
30,/aston_martin/2018-vantage_amr/
31,/aston_martin/2018-vanquish_s_ultimate/
32,/aston_martin/2018-v8_cygnet_concept/
33,/aston_martin/2018-v12_vantage_v600/
34,/aston_martin/2018-heritage_ev_concept/
35,/aston_martin/2017-vantage_gt8/
36,/aston_martin/2015-lagonda_taraf/
37,/audi/2019-q5l_cn-version/
38,/audi/2018-e-tron_concept/
39,/audi/2018-r8_spyder_v10_plus/
40,/audi/2017-tt_roadster_s_line_competition/
41,/audi/2017-tt_coupe_s_line_competition/
42,/audi/2017-rs3_lms_racecar/
43,/audi/2017-q7_e-tron_3.0_tdi_quattro/
44,/audi/2016-r8_coupe_v10_plus_selection_24h/
45,/audi/2015-s1_sportback/
46,/audi/2015-s1/
47,/audi/2015-rs_q3/
48,/audi/2015-rs7_sportback/
49,/audi/2015-rs6_avant/
50,/audi/2015-rs5_coupe_sport_edition/
51,/audi/2015-r8_competition/
52,/audi/2015-r8_lmx/
53,/audi/2015-r8_lms/
54,/audi/2015-r18_e-tron_quattro_racecar/
55,/audi/2015-q3/
56,/audi/2015-prologue_piloted_driving_concept/
57,/audi/2015-prologue_avant_concept/
58,/audi/2015-prologue_allroad_concept/
59,/audi/2015-a8_l_security/
60,/audi/2015-a7_sportback_3.0_tdi_competition/
61,/audi/2015-a7_sportback/
62,/audi/2015-a6_allroad_quattro/
63,/audi/2015-a6_avant/
64,/audi/2015-a6/
65,/audi/2015-a1_sportback/
66,/audi/2015-a1/
67,/bac/2021-mono/
68,/bac/2020-mono_r/
69,/bmw/2020-i4_concept/
70,/bmw/2020-x6_m_competition/
71,/bmw/2020-x6_m50i/
72,/bmw/2020-x5_protection_vr6/
73,/bmw/2020-x5_m_competition/
74,/bmw/2020-x4_m_competition/
75,/bmw/2020-x3_m_competition/
76,/bmw/2020-x1/
77,/bmw/2020-m8_gran_coupe_competition/
78,/bmw/2020-m8_competition_coupe_uk-version/
79,/bmw/2020-m8_competition_coupe/
80,/bmw/2020-m8_competition_convertible_uk-version/
81,/bmw/2020-m8_competition_convertible/
82,/bmw/2020-m340i_xdrive_touring/
83,/bmw/2020-m340i_xdrive_sedan/
84,/bmw/2020-m2_by_futura_2000/
85,/bmw/2020-m2_cs/
86,/bmw/2020-m235i_xdrive_gran_coupe_uk-version/
87,/bmw/2020-m235i_xdrive_gran_coupe/
88,/bmw/2020-m135i_uk-version/
89,/bmw/2020-m135i/
90,/bmw/2020-8-series_gran_coupe/
91,/bmw/2020-745le/
92,/bmw/2020-7-series_uk-version/
93,/bmw/2020-7-series/
94,/bmw/2020-3-series_touring_uk-version/
95,/bmw/2020-3-series_touring/
96,/bmw/2020-3-series_long_wheelbase/
97,/bmw/2020-2-series_gran_coupe_uk-version/
98,/bmw/2020-2-series_gran_coupe/
99,/bmw/2020-1-series_uk-version/
100,/bmw/2020-1-series_m_performance_parts/
101,/bmw/2020-1-series/
102,/bmw/2019-i8_roadster_uk-version/
103,/bmw/2019-i8_roadster/
104,/bmw/2019-i8_coupe/
105,/bmw/2019-z4_uk-version/
106,/bmw/2019-z4_m40i_first_edition/
107,/bmw/2019-z4/
108,/bmw/2019-x7_xdrive50i/
109,/bmw/2019-x7_uk-version/
110,/bmw/2019-x7_pick-up_concept/
111,/bmw/2019-x7/
112,/bmw/2019-x5_xdrive45e_iperformance/
113,/bmw/2019-x5/
114,/bmw/2019-x4_m40d/
115,/bmw/2019-x4/
116,/bmw/2019-x2_uk-version/
117,/bmw/2019-x2_m35i/
118,/bmw/2019-x2/
119,/bmw/2019-vision_m_next_concept/
120,/bmw/2019-m8_motogp_safety_car/
121,/bmw/2019-m5_edition_35/
122,/bmw/2019-m5_competition/
123,/bmw/2019-m4_edition_m_heritage/
124,/bmw/2019-m2_competition/
125,/bmw/2019-garmisch_recreation_concept/
126,/bmw/2019-8-series_coupe_uk-version/
127,/bmw/2019-8-series_coupe/
128,/bmw/2019-8-series_convertible/
129,/bmw/2019-4_concept/
130,/bmw/2019-330i_m_sport/
131,/bmw/2019-330e_sedan/
132,/bmw/2019-320d_sport_line/
133,/bmw/2019-3-series_uk-version/
134,/bmw/2019-3-series/
135,/bmw/2019-225xe_iperformance/
136,/bmw/2019-2-series_gran_tourer/
137,/bmw/2019-2-series_active_tourer/
138,/bmw/2018-ix3_concept/
139,/bmw/2018-i8_protonic_frozen_yellow/
140,/bmw/2018-i3s/
141,/bmw/2018-i3/
142,/bmw/2018-x3_m40i/
143,/bmw/2018-x3/
144,/bmw/2018-vision_inext_concept/
145,/bmw/2018-m8_gran_coupe_concept/
146,/bmw/2018-m8_gte_racecar/
147,/bmw/2018-m5_motogp_safety_car/
148,/bmw/2018-m5_first_edition/
149,/bmw/2018-m550i_xdrive/
150,/bmw/2018-m550d_xdrive_touring/
151,/bmw/2018-m5/
152,/bmw/2018-m4_coupe/
153,/bmw/2018-m4_convertible_30_jahre/
154,/bmw/2018-m4_convertible/
155,/bmw/2018-m4_cs/
156,/bmw/2018-m3_cs/
157,/bmw/2018-m2_m_performance_parts_concept/
158,/bmw/2018-m2_coupe/
159,/bmw/2018-m240i_coupe/
160,/bmw/2018-m140i/
161,/bmw/2018-6-series_gran_turismo/
162,/bmw/2018-6-series/
163,/bmw/2018-530e_iperformance/
164,/bmw/2018-5-series_touring/
165,/bmw/2018-4-series_gran_coupe/
166,/bmw/2018-4-series_coupe/
167,/bmw/2018-4-series_convertible/
168,/bmw/2018-2-series_coupe/
169,/bmw/2018-2-series_convertible/
170,/bmw/2018-1-series_3-door/
171,/bmw/2017-i_vision_dynamics_concept/
172,/bmw/2017-i_inside_future_concept/
173,/bmw/2017-z4_concept/
174,/bmw/2017-x7_iperformance_concept/
175,/bmw/2017-x1_long_wheelbase/
176,/bmw/2017-m760li_xdrive/
177,/bmw/2017-8-series_concept/
178,/bmw/2017-740le_xdrive_iperformance/
179,/bmw/2017-5-series_m_performance_parts/
180,/bmw/2017-5-series/
181,/bmw/2017-3-series_gran_turismo/
182,/bmw/2017-1-series_sedan/
183,/bmw/2016-i_vision_future_interaction_concept/
184,/bmw/2016-x6_m/
185,/bmw/2016-x5_xdrive40e/
186,/bmw/2016-x5_m/
187,/bmw/2016-x4_m40i/
188,/bmw/2016-x2_concept/
189,/bmw/2016-x1_uk-version/
190,/bmw/2016-x1/
191,/bmw/2016-vision_next_100_concept/
192,/bmw/2016-m6_gt3/
193,/bmw/2016-m6_coupe_competition_edition/
194,/bmw/2016-m4_gts_dtm_safety_car/
195,/bmw/2016-m4_gts/
196,/bmw/2016-m4_competition_package/
197,/bmw/2016-m3_sedan/
198,/bmw/2016-m3_competition_package/
199,/bmw/2016-m3_30_jahre/
200,/bmw/2016-m2_motogp_safety_car/
201,/bmw/2016-m2_coupe_m_performance_parts/
202,/bmw/2016-m2_coupe/
203,/bmw/2016-m135i/
204,/bmw/2016-750li_xdrive/
205,/bmw/2016-730d/
206,/bmw/2016-7-series_uk-version/
207,/bmw/2016-7-series/
208,/bmw/2016-435i_zhp_coupe/
209,/bmw/2016-330e/
210,/bmw/2016-3-series_touring/
211,/bmw/2016-3-series/
212,/bmw/2016-225xe_active_tourer/
213,/bmw/2016-2002_hommage_pebble_beach_concept/
214,/bmw/2016-2002_hommage_concept/
215,/bmw/2016-2-series_gran_tourer/
216,/bmw/2016-1-series_urban_line/
217,/bmw/2016-1-series_3-door/
218,/bmw/2016-1-series/
219,/bmw/2015-i8/
220,/bmw/2015-x6_m_performance_parts/
221,/bmw/2015-x6/
222,/bmw/2015-x4/
223,/bmw/2015-x3/
224,/bmw/2015-m6_coupe/
225,/bmw/2015-m4_iconic_lights_concept/
226,/bmw/2015-m4_gts_concept/
227,/bmw/2015-m4_coupe_motogp_safety_car/
228,/bmw/2015-m4_coupe/
229,/bmw/2015-m4_convertible/
230,/bmw/2015-m3_sedan/
231,/bmw/2015-m235i_convertible/
232,/bmw/2015-compact_sedan_concept/
233,/bmw/2015-6-series_gran_coupe/
234,/bmw/2015-6-series_coupe/
235,/bmw/2015-6-series_convertible/
236,/bmw/2015-520d_touring/
237,/bmw/2015-518d/
238,/bmw/2015-428i_gran_coupe_m_sport/
239,/bmw/2015-4-series_gran_coupe/
240,/bmw/2015-3.0_csl_hommage_r_concept/
241,/bmw/2015-3.0_csl_hommage_concept/
242,/bmw/2015-2-series_convertible_m_performance_parts/
243,/bmw/2015-2-series_convertible/
244,/bmw/2015-2-series_active_tourer/
245,/bentley/2021-mulliner_bacalar/
246,/bentley/2020-mulsanne_6.75_edition_by_mulliner/
247,/bentley/2020-flying_spur_first_edition/
248,/bentley/2020-flying_spur/
249,/bentley/2020-continental_gt_v8_convertible/
250,/bentley/2020-continental_gt_v8/
251,/bentley/2020-continental_gt_mulliner_convertible/
252,/bentley/2020-bentayga_speed/
253,/bentley/2019-exp_100_gt_concept/
254,/bentley/2019-continental_gt_number_9_edition_by_mulliner/
255,/bentley/2019-continental_gt_convertible/
256,/bentley/2019-bentayga_hybrid/
257,/bentley/2018-continental_supersports/
258,/bentley/2018-continental_gt_au-version/
259,/bentley/2018-continental_gt3_racecar/
260,/bentley/2018-continental_gt/
261,/bentley/2018-bentayga_v8/
262,/bentley/2018-bentayga_mulliner/
263,/bentley/2017-mulsanne_speed/
264,/bentley/2017-mulsanne_grand_limousine_by_mulliner/
265,/bentley/2017-mulsanne_ewb/
266,/bentley/2017-mulsanne/
267,/bentley/2017-flying_spur_w12_s/
268,/bentley/2017-flying_spur_v8_s/
269,/bentley/2017-exp_12_speed_6e_concept/
270,/bentley/2017-continental_gt_speed_black_edition/
271,/bentley/2017-continental_gt_convertible_galene_edition/
272,/bentley/2017-bentayga_diesel/
273,/bentley/2016-continental_gt_v8_s/
274,/bentley/2016-continental_gt_speed_breitling_jet_team_series/
275,/bentley/2016-continental_gt_speed/
276,/bentley/2016-continental_gt_convertible/
277,/bentley/2016-bentayga/
278,/bentley/2015-mulsanne_speed/
279,/bentley/2015-flying_spur_v8/
280,/bentley/2015-exp_10_speed_6_concept/
281,/bentley/2015-continental_gt_speed_convertible/
282,/bentley/2015-continental_gt_speed/
283,/bentley/2015-continental_gt3-r/
284,/borgward/2017-isabella_concept/
285,/borgward/2016-bx6_ts_concept/
286,/borgward/2016-bx5_concept/
287,/borgward/2015-bx7_ts_concept/
288,/borgward/2015-bx7_concept/
289,/brabham/2019-bt62/
